"iso","umd_tree_cover_extent_2000__ha","area__ha"
"USA",279376627.97980386,947083424.5263464
